left_shoulderX,left_shoulderY,right_shoulderX,right_shoulderY,right_elbowX,right_elbowY,right_wristX,right_wristY,label
0.693294882774353,0.5779802203178406,0.3835362195968628,0.5765542984008789,0.5191386938095093,0.24209298193454742,0.2898638844490051,0.2898638844490051,1
0.6966651678085327,0.5788050293922424,0.3843371272087097,0.5827315449714661,0.5184263586997986,0.24608823657035828,0.10292770713567734,0.10292770713567734,1
0.6980866193771362,0.5789620876312256,0.3843980133533478,0.5851313471794128,0.5178097486495972,0.24961477518081665,0.07943487912416458,0.07943487912416458,1
0.6988512277603149,0.5789600014686584,0.3844069540500641,0.5862423777580261,0.5174015760421753,0.25108417868614197,0.0842076912522316,0.0842076912522316,1
0.6992961764335632,0.5789403915405273,0.3844459652900696,0.5865896940231323,0.5171339511871338,0.25164058804512024,0.06884266436100006,0.06884266436100006,1
0.7000547051429749,0.5789190530776978,0.3845888674259186,0.5870599746704102,0.5169172883033752,0.25203582644462585,0.026606807485222816,0.026606807485222816,1
0.7008981108665466,0.5790857672691345,0.38484734296798706,0.5880420804023743,0.5168671011924744,0.2520994544029236,0.038205716758966446,0.038205716758966446,1
0.7014878988265991,0.5790792107582092,0.38537487387657166,0.5884149074554443,0.5167250037193298,0.2523292899131775,0.03804687783122063,0.03804687783122063,1
0.7020938396453857,0.5790833234786987,0.3856799900531769,0.5886019468307495,0.516452431678772,0.2523459196090698,0.01832730881869793,0.01832730881869793,1
0.7024778127670288,0.5790069699287415,0.38574981689453125,0.5893732309341431,0.5162907242774963,0.2518630027770996,-0.0036906281020492315,-0.0036906281020492315,1
0.7026239633560181,0.5789287090301514,0.385762482881546,0.5896322131156921,0.5162274241447449,0.2518627941608429,-0.008216401562094688,-0.008216401562094688,1
0.7026649713516235,0.5786755084991455,0.3857630491256714,0.5899753570556641,0.5160915851593018,0.25181636214256287,-0.0028541102074086666,-0.0028541102074086666,1
0.7026602625846863,0.5784178376197815,0.3856858015060425,0.5900655388832092,0.5151176452636719,0.2523837387561798,-0.0043273926712572575,-0.0043273926712572575,1
0.7026541233062744,0.5782656669616699,0.38558897376060486,0.5907506942749023,0.5151059031486511,0.25568872690200806,0.009946498088538647,0.009946498088538647,1
0.702818751335144,0.5782454609870911,0.3855888545513153,0.590918242931366,0.5150976777076721,0.2597244083881378,0.013738265261054039,0.013738265261054039,1
0.7029125094413757,0.5782333016395569,0.385591983795166,0.5911086797714233,0.5151073336601257,0.26134076714515686,0.017147814854979515,0.017147814854979515,1
0.7029967904090881,0.5782073140144348,0.38556256890296936,0.5913835167884827,0.5152136087417603,0.26256081461906433,0.024487128481268883,0.024487128481268883,1
0.690171480178833,0.6411256790161133,0.3577728867530823,0.6315787434577942,0.5054051876068115,0.3031046986579895,0.30709847807884216,0.30709847807884216,1
0.6854097843170166,0.6507756114006042,0.3503839075565338,0.6413866877555847,0.5016666054725647,0.3075445592403412,0.320915162563324,0.320915162563324,1
0.6833098530769348,0.6586080193519592,0.34816303849220276,0.6458895206451416,0.4995095431804657,0.31693413853645325,0.3312104344367981,0.3312104344367981,1
0.6834192872047424,0.6588900089263916,0.3446011543273926,0.6493539214134216,0.4979654550552368,0.3184616267681122,0.32751792669296265,0.32751792669296265,1
0.6809898614883423,0.6620309948921204,0.3452410399913788,0.6493221521377563,0.4972440004348755,0.3212893307209015,0.32529640197753906,0.32529640197753906,1
0.679469645023346,0.6613026857376099,0.34733620285987854,0.6513782739639282,0.49577224254608154,0.3248215317726135,0.33751052618026733,0.33751052618026733,1
0.6774721741676331,0.6582662463188171,0.34716176986694336,0.649753749370575,0.4958660900592804,0.32515618205070496,0.3304400146007538,0.3304400146007538,1
0.6760026812553406,0.6563971042633057,0.34713512659072876,0.6486788392066956,0.49527958035469055,0.3255596458911896,0.3315027356147766,0.3315027356147766,1
0.6762138605117798,0.65597003698349,0.3467601239681244,0.6494751572608948,0.4949609935283661,0.3265528976917267,0.33176079392433167,0.33176079392433167,1
0.6765910387039185,0.656830370426178,0.3457402288913727,0.6505657434463501,0.49479836225509644,0.32901430130004883,0.3340882956981659,0.3340882956981659,1
0.6756734848022461,0.6575104594230652,0.34501442313194275,0.6514850854873657,0.494536429643631,0.32876381278038025,0.33614298701286316,0.33614298701286316,1
0.6749851703643799,0.6595377326011658,0.3442435562610626,0.6520953178405762,0.49424275755882263,0.33053290843963623,0.3370882570743561,0.3370882570743561,1
0.6729941964149475,0.6591052412986755,0.3431754410266876,0.6525483131408691,0.49420204758644104,0.3332580327987671,0.3343758285045624,0.3343758285045624,1
0.6729649901390076,0.658788800239563,0.3434244394302368,0.6529780626296997,0.49423930048942566,0.33399108052253723,0.33815813064575195,0.33815813064575195,1
0.6729041337966919,0.6587377190589905,0.34358665347099304,0.6527531147003174,0.49470192193984985,0.334563285112381,0.34319931268692017,0.34319931268692017,1
0.6728782057762146,0.6584998965263367,0.34309330582618713,0.6525971293449402,0.4953104853630066,0.3350931406021118,0.33841991424560547,0.33841991424560547,1
0.6723893284797668,0.6587100625038147,0.3440904915332794,0.6524047255516052,0.4964219331741333,0.33566778898239136,0.34132376313209534,0.34132376313209534,1
0.6728354692459106,0.6595057249069214,0.3440854847431183,0.652164101600647,0.49644023180007935,0.33552414178848267,0.3400362432003021,0.3400362432003021,1
0.6722080707550049,0.6597703099250793,0.3437892198562622,0.6520807147026062,0.4966212213039398,0.3353998064994812,0.3408757746219635,0.3408757746219635,1
0.6722056269645691,0.661040723323822,0.3435327410697937,0.652070939540863,0.4966259002685547,0.33585435152053833,0.3404795527458191,0.3404795527458191,1
0.6723483204841614,0.6616738438606262,0.34351834654808044,0.6521300077438354,0.496595174074173,0.33582285046577454,0.3399803936481476,0.3399803936481476,1
0.6721635460853577,0.6617885828018188,0.342800110578537,0.6521210074424744,0.49659207463264465,0.33532342314720154,0.3362431228160858,0.3362431228160858,1
0.6726023554801941,0.6617697477340698,0.3424935042858124,0.6530015468597412,0.49662724137306213,0.3376207649707794,0.33547577261924744,0.33547577261924744,1
0.6726240515708923,0.6614119410514832,0.34204524755477905,0.6529689431190491,0.49666303396224976,0.338459849357605,0.33159250020980835,0.33159250020980835,1
0.6728336811065674,0.6613949537277222,0.34205135703086853,0.6524369120597839,0.4966001808643341,0.33844321966171265,0.3313385546207428,0.3313385546207428,1
0.6728472113609314,0.6613712906837463,0.34206250309944153,0.6524313688278198,0.4966055154800415,0.34006744623184204,0.33131492137908936,0.33131492137908936,1
0.6728312969207764,0.6613971590995789,0.34200990200042725,0.6524290442466736,0.49661916494369507,0.34156137704849243,0.3312268555164337,0.3312268555164337,1
0.6726791858673096,0.6614105105400085,0.3419515788555145,0.6524268388748169,0.4966210722923279,0.34200555086135864,0.3318362236022949,0.3318362236022949,1
0.6727619171142578,0.6615138053894043,0.34194719791412354,0.6526070237159729,0.496559739112854,0.3420015871524811,0.3326803743839264,0.3326803743839264,1
0.6725563406944275,0.6612781882286072,0.3419106602668762,0.6528155207633972,0.4962415099143982,0.34187835454940796,0.3340804874897003,0.3340804874897003,1
0.6774704456329346,0.6060715913772583,0.36929285526275635,0.5924248099327087,0.5198327302932739,0.3120637536048889,0.334319531917572,0.334319531917572,1
0.6810523271560669,0.5943800806999207,0.37987402081489563,0.5785001516342163,0.527951717376709,0.3004785180091858,0.35284966230392456,0.35284966230392456,1
0.6836756467819214,0.5951928496360779,0.38492804765701294,0.5820715427398682,0.5282626748085022,0.2950098216533661,0.3656729757785797,0.3656729757785797,1
0.6842081546783447,0.5874546766281128,0.39096134901046753,0.584356427192688,0.5285592675209045,0.2921295762062073,0.36636072397232056,0.36636072397232056,1
0.6840587258338928,0.580891489982605,0.3896518349647522,0.5809349417686462,0.5292977690696716,0.2887272238731384,0.3661046624183655,0.3661046624183655,1
0.6841834783554077,0.5792667865753174,0.3894740343093872,0.5817586779594421,0.5295544266700745,0.2865501940250397,0.36700281500816345,0.36700281500816345,1
0.6843114495277405,0.5798513889312744,0.3895582854747772,0.581224799156189,0.5292537212371826,0.2852703332901001,0.3676653206348419,0.3676653206348419,1
0.6846123337745667,0.5825029611587524,0.38811561465263367,0.5831617712974548,0.5291518568992615,0.2833939492702484,0.36631497740745544,0.36631497740745544,1
0.6848651766777039,0.583987295627594,0.3873525559902191,0.5838971734046936,0.5291216373443604,0.28374528884887695,0.3392079770565033,0.3392079770565033,1
0.6848388910293579,0.5847606658935547,0.38690006732940674,0.5831406712532043,0.5294862389564514,0.28351882100105286,0.347610205411911,0.347610205411911,1
0.6848193407058716,0.584704577922821,0.3869132697582245,0.5825392007827759,0.5298863053321838,0.2826598882675171,0.3541349470615387,0.3541349470615387,1
0.6848310828208923,0.5840832591056824,0.3876078426837921,0.5820721387863159,0.5302354097366333,0.28268784284591675,0.3568468391895294,0.3568468391895294,1
0.6848205924034119,0.583796501159668,0.387935996055603,0.5811243057250977,0.5303873419761658,0.282918781042099,0.3586001396179199,0.3586001396179199,1
0.6848052144050598,0.5837861895561218,0.38810092210769653,0.580884575843811,0.5306349396705627,0.28296220302581787,0.35950183868408203,0.35950183868408203,1
0.6865996718406677,0.5801170468330383,0.3874964118003845,0.5816867351531982,0.5252453684806824,0.2644507884979248,0.3447463810443878,0.3447463810443878,1
0.6897616982460022,0.5804280042648315,0.3873920440673828,0.5830623507499695,0.5205755829811096,0.25798147916793823,0.3164234161376953,0.3164234161376953,1
0.6906682252883911,0.5806657075881958,0.3872901201248169,0.5833873748779297,0.517487645149231,0.2556081712245941,0.2823989689350128,0.2823989689350128,1
0.6925155520439148,0.5808451175689697,0.38704749941825867,0.5836921334266663,0.5153328776359558,0.25114768743515015,0.20916566252708435,0.20916566252708435,1
0.6939166784286499,0.5801364779472351,0.38698455691337585,0.5838298201560974,0.5139068961143494,0.2504090964794159,0.23044531047344208,0.23044531047344208,1
0.6951403021812439,0.5798842310905457,0.3868950307369232,0.5836941599845886,0.5118115544319153,0.24741852283477783,0.18394194543361664,0.18394194543361664,1
0.6956871151924133,0.579674243927002,0.38685864210128784,0.5837662220001221,0.5096448659896851,0.24512982368469238,0.17392969131469727,0.17392969131469727,1
0.6962173581123352,0.5797168016433716,0.38682255148887634,0.5841805934906006,0.5094852447509766,0.24505750834941864,0.15134595334529877,0.15134595334529877,1
0.6968717575073242,0.5795958638191223,0.38653838634490967,0.584705114364624,0.5097110867500305,0.24252113699913025,0.1086571142077446,0.1086571142077446,1
0.6973431706428528,0.5795015096664429,0.3864043653011322,0.5852382779121399,0.5098219513893127,0.24044500291347504,0.10914667695760727,0.10914667695760727,1
0.6974936723709106,0.5791746377944946,0.38637542724609375,0.585357129573822,0.5100061893463135,0.23952116072177887,0.0955304428935051,0.0955304428935051,1
0.6975682377815247,0.5791018605232239,0.3863052725791931,0.5853855609893799,0.5101720690727234,0.23940400779247284,0.1037997230887413,0.1037997230887413,1
0.6977121233940125,0.5790905356407166,0.3862818479537964,0.5858913660049438,0.5108906030654907,0.2395644336938858,0.09305426478385925,0.09305426478385925,1
0.697916567325592,0.5790050625801086,0.3862519860267639,0.5860503315925598,0.5114900469779968,0.2398291379213333,0.09950774163007736,0.09950774163007736,1
0.6980329155921936,0.579047441482544,0.3861910402774811,0.5861024856567383,0.5115545988082886,0.23988918960094452,0.08985451608896255,0.08985451608896255,1
0.6980847716331482,0.5790086984634399,0.386161208152771,0.5861925482749939,0.5116165280342102,0.2399744689464569,0.09547211229801178,0.09547211229801178,1
0.6981391310691833,0.578971803188324,0.38611119985580444,0.5862552523612976,0.5116751194000244,0.24110646545886993,0.10851030796766281,0.10851030796766281,1
0.6983321905136108,0.5789512991905212,0.38607698678970337,0.5868434906005859,0.5118280649185181,0.24352885782718658,0.12582772970199585,0.12582772970199585,1
0.6984684467315674,0.5786285996437073,0.3860408365726471,0.5870488882064819,0.511892557144165,0.24603070318698883,0.1269731968641281,0.1269731968641281,1
0.6986356377601624,0.5786197781562805,0.3860298693180084,0.5873010754585266,0.5119454860687256,0.24844326078891754,0.10166969150304794,0.10166969150304794,1
0.6986681222915649,0.5786101818084717,0.38605353236198425,0.587352991104126,0.512179970741272,0.25211602449417114,0.1286616027355194,0.1286616027355194,1
0.6987660527229309,0.5787451863288879,0.38611337542533875,0.5872985124588013,0.5122976899147034,0.2539463937282562,0.13470150530338287,0.13470150530338287,1
0.6987906098365784,0.5788087248802185,0.3861299455165863,0.5871544480323792,0.5123289823532104,0.2544892728328705,0.13722413778305054,0.13722413778305054,1
0.6880062818527222,0.579900860786438,0.3827289342880249,0.5787376761436462,0.5105390548706055,0.2520672380924225,0.08407704532146454,0.08407704532146454,1
0.6802761554718018,0.5795487761497498,0.37855979800224304,0.5770362615585327,0.5098351240158081,0.24938498437404633,0.12136148661375046,0.12136148661375046,1
0.6778049468994141,0.579582929611206,0.3780342936515808,0.5742786526679993,0.5083234310150146,0.24841441214084625,0.21160879731178284,0.21160879731178284,1
0.6782991290092468,0.5795899033546448,0.37814679741859436,0.5728092789649963,0.5077289938926697,0.2482086718082428,0.2411152869462967,0.2411152869462967,1
0.6790285706520081,0.5796061754226685,0.37829259037971497,0.5725188255310059,0.5064383745193481,0.24825602769851685,0.27755215764045715,0.27755215764045715,1
0.6795981526374817,0.5795419812202454,0.3787541389465332,0.5709157586097717,0.5057233572006226,0.24829940497875214,0.23861202597618103,0.23861202597618103,1
0.6796284317970276,0.5793659687042236,0.3790115714073181,0.5705593824386597,0.5056542158126831,0.24831141531467438,0.22862295806407928,0.22862295806407928,1
0.679480254650116,0.5792509913444519,0.3791366219520569,0.5697445273399353,0.5055561661720276,0.2483222633600235,0.23584942519664764,0.23584942519664764,1
0.6795756816864014,0.5793006420135498,0.37917235493659973,0.569098174571991,0.5054904818534851,0.24838867783546448,0.20550136268138885,0.20550136268138885,1
0.6796370148658752,0.5794510841369629,0.37907442450523376,0.5680574774742126,0.5055054426193237,0.2483992725610733,0.16805477440357208,0.16805477440357208,1
0.6797314286231995,0.5796592235565186,0.3789064288139343,0.5672336220741272,0.5055233240127563,0.24842055141925812,0.17144784331321716,0.17144784331321716,1
0.6797717809677124,0.5799955725669861,0.3786959946155548,0.5668188333511353,0.5054973363876343,0.24861574172973633,0.16056017577648163,0.16056017577648163,1
0.6627403497695923,0.5322770476341248,0.3764008581638336,0.5248012542724609,0.5056654214859009,0.24869827926158905,0.30214256048202515,0.30214256048202515,1
0.6607562303543091,0.5309293270111084,0.37588581442832947,0.5201912522315979,0.506044864654541,0.2539049983024597,0.29182979464530945,0.29182979464530945,1
0.6598427891731262,0.5273929238319397,0.3752695322036743,0.5152668356895447,0.5061017274856567,0.25716668367385864,0.303832083940506,0.303832083940506,1
0.6588385701179504,0.5217324495315552,0.37530484795570374,0.5096688866615295,0.5063651204109192,0.25901973247528076,0.3097241520881653,0.3097241520881653,1
0.6565236449241638,0.5190839171409607,0.3745496869087219,0.5096678137779236,0.5058948993682861,0.2603829801082611,0.30877718329429626,0.30877718329429626,1
0.6555715203285217,0.5169864296913147,0.3745369613170624,0.5107166171073914,0.5056766271591187,0.26258087158203125,0.3088296949863434,0.3088296949863434,1
0.6549937129020691,0.5161351561546326,0.3745550811290741,0.5097646117210388,0.5057219862937927,0.26486432552337646,0.31467658281326294,0.31467658281326294,1
0.6544675230979919,0.513339102268219,0.37457022070884705,0.5087910890579224,0.5057398080825806,0.26556190848350525,0.310688316822052,0.310688316822052,1
0.6534066796302795,0.5105079412460327,0.37459561228752136,0.508554995059967,0.5057862401008606,0.2655792832374573,0.3058696687221527,0.3058696687221527,1
0.6533451080322266,0.5103263854980469,0.37468284368515015,0.5090106725692749,0.5060340762138367,0.26557061076164246,0.30218392610549927,0.30218392610549927,1
0.6533580422401428,0.510120153427124,0.3747063875198364,0.5078781247138977,0.5060462951660156,0.26645374298095703,0.30121174454689026,0.30121174454689026,1
0.6533557176589966,0.5108934640884399,0.3747081756591797,0.5064805150032043,0.5059966444969177,0.2675643563270569,0.293474406003952,0.293474406003952,1
0.675257682800293,0.5807298421859741,0.3321528434753418,0.6022190451622009,0.4861520230770111,0.290962278842926,0.28825613856315613,0.28825613856315613,1
0.6810122132301331,0.6024898886680603,0.3203079402446747,0.6259534358978271,0.4799414277076721,0.2961024343967438,0.27346912026405334,0.27346912026405334,1
0.6843711733818054,0.6093100309371948,0.31856492161750793,0.6315191388130188,0.47691285610198975,0.29638436436653137,0.24222198128700256,0.24222198128700256,1
0.687309980392456,0.6076932549476624,0.31907424330711365,0.638022243976593,0.47584667801856995,0.2979734539985657,0.24124692380428314,0.24124692380428314,1
0.6884844899177551,0.6079522967338562,0.3202352821826935,0.6371064782142639,0.4766594171524048,0.3009120225906372,0.21931424736976624,0.21931424736976624,1
0.6891104578971863,0.6098711490631104,0.31970736384391785,0.6366837620735168,0.47746720910072327,0.30249395966529846,0.25348034501075745,0.25348034501075745,1
0.6900187730789185,0.6117975115776062,0.31927114725112915,0.6413105130195618,0.47755667567253113,0.3042353391647339,0.2297404557466507,0.2297404557466507,1
0.6900724172592163,0.6117619276046753,0.3192375898361206,0.642606258392334,0.4780272841453552,0.30591675639152527,0.232388436794281,0.232388436794281,1
0.6897251605987549,0.6100465059280396,0.3183054029941559,0.6409608125686646,0.4781440198421478,0.30575719475746155,0.23619692027568817,0.23619692027568817,1
0.6893379092216492,0.6086861491203308,0.3182011544704437,0.6406102776527405,0.4783525764942169,0.30712538957595825,0.19457201659679413,0.19457201659679413,1
0.6890190839767456,0.6085103750228882,0.3176107704639435,0.6407241821289062,0.4790196716785431,0.3067883551120758,0.20100858807563782,0.20100858807563782,1
0.6888028383255005,0.6081820726394653,0.31798839569091797,0.6403523087501526,0.47919419407844543,0.3065226376056671,0.19631488621234894,0.19631488621234894,1
0.6886354684829712,0.6076012253761292,0.31810882687568665,0.6397577524185181,0.4792899489402771,0.30631229281425476,0.20181570947170258,0.20181570947170258,1
0.6884849071502686,0.6072261929512024,0.31831321120262146,0.6394291520118713,0.479521244764328,0.3061593472957611,0.22592851519584656,0.22592851519584656,1
0.688413679599762,0.6068738698959351,0.31848570704460144,0.6395131349563599,0.4797362983226776,0.30606797337532043,0.2370145171880722,0.2370145171880722,1
0.6883268356323242,0.6065705418586731,0.31862109899520874,0.6393062472343445,0.47987911105155945,0.3059547543525696,0.2427556961774826,0.2427556961774826,1
0.688381552696228,0.6063346266746521,0.3186721205711365,0.6392325758934021,0.4800255000591278,0.30582576990127563,0.24785539507865906,0.24785539507865906,1
0.6683262586593628,0.6093682050704956,0.3374176323413849,0.63436359167099,0.49963638186454773,0.2977032959461212,0.3113415539264679,0.3113415539264679,1
0.6630023121833801,0.6119450926780701,0.34591910243034363,0.6283634305000305,0.5056268572807312,0.28558459877967834,0.30714619159698486,0.30714619159698486,1
0.66078120470047,0.6129951477050781,0.34979188442230225,0.6243681311607361,0.5073670148849487,0.27577880024909973,0.3035443425178528,0.3035443425178528,1
0.659596860408783,0.6147164106369019,0.35339057445526123,0.6232473254203796,0.5070046782493591,0.2746351659297943,0.30928802490234375,0.30928802490234375,1
0.6593227386474609,0.6146030426025391,0.35424020886421204,0.62279212474823,0.5067124962806702,0.2753247320652008,0.33440524339675903,0.33440524339675903,1
0.6592238545417786,0.614479124546051,0.3534625172615051,0.622806966304779,0.507484495639801,0.28098440170288086,0.34541887044906616,0.34541887044906616,1
0.659241259098053,0.6142331957817078,0.35316023230552673,0.6228023767471313,0.5076151490211487,0.2852609157562256,0.35011711716651917,0.35011711716651917,1
0.6592452526092529,0.6139059066772461,0.3530427813529968,0.6222258806228638,0.5075255036354065,0.28816795349121094,0.3512232005596161,0.3512232005596161,1
0.6592350006103516,0.6138068437576294,0.3528099060058594,0.6224939823150635,0.5074743628501892,0.29088813066482544,0.3532600700855255,0.3532600700855255,1
0.6592092514038086,0.6137694120407104,0.352576345205307,0.6225473284721375,0.5076085925102234,0.2927829921245575,0.3586650490760803,0.3586650490760803,1
0.6591448187828064,0.6137964129447937,0.35233160853385925,0.6227400302886963,0.5076296925544739,0.2951168715953827,0.35676470398902893,0.35676470398902893,1
0.6590716242790222,0.6139208674430847,0.3523353934288025,0.622597873210907,0.507752001285553,0.2957572340965271,0.3542991876602173,0.3542991876602173,1
0.6582921743392944,0.6139311194419861,0.35227903723716736,0.6218862533569336,0.5079734921455383,0.2961037755012512,0.3540879786014557,0.3540879786014557,1
0.6910114288330078,0.6459699869155884,0.3342212438583374,0.6520812511444092,0.5044458508491516,0.30754658579826355,0.28726959228515625,0.28726959228515625,1
0.7006859183311462,0.6567130088806152,0.33001646399497986,0.6581622958183289,0.5038830637931824,0.3110809922218323,0.2603996694087982,0.2603996694087982,1
0.7027813196182251,0.6620738506317139,0.3279552757740021,0.6611223220825195,0.5034118294715881,0.3108101785182953,0.2660365700721741,0.2660365700721741,1
0.7031311392784119,0.6633188724517822,0.32735830545425415,0.6628932356834412,0.5033388733863831,0.3121233582496643,0.2623029053211212,0.2623029053211212,1
0.7021567821502686,0.6625769138336182,0.3268297016620636,0.662485659122467,0.5029470324516296,0.31432822346687317,0.24540655314922333,0.24540655314922333,1
0.7019569277763367,0.6636694669723511,0.32438331842422485,0.6617916822433472,0.5029413104057312,0.3143981695175171,0.24357415735721588,0.24357415735721588,1
0.7022425532341003,0.6664370894432068,0.3236953020095825,0.6611420512199402,0.5017656683921814,0.3143390417098999,0.24821001291275024,0.24821001291275024,1
0.7024328112602234,0.6688492298126221,0.32260531187057495,0.6610047817230225,0.5006898641586304,0.3144471049308777,0.25008589029312134,0.25008589029312134,1
0.7038872838020325,0.6711212396621704,0.32263386249542236,0.6617498993873596,0.5000903010368347,0.3143773078918457,0.2476521134376526,0.2476521134376526,1
0.7045827507972717,0.6729938387870789,0.32293567061424255,0.6614508628845215,0.4997323155403137,0.3143436014652252,0.24563755095005035,0.24563755095005035,1
0.704633355140686,0.6737022399902344,0.3229895234107971,0.6605677008628845,0.4992375373840332,0.31436100602149963,0.24739472568035126,0.24739472568035126,1
0.7044950127601624,0.6739903688430786,0.3231809437274933,0.6603482961654663,0.49850136041641235,0.31428369879722595,0.2487117201089859,0.2487117201089859,1
0.704296350479126,0.6738686561584473,0.3233753740787506,0.6602181792259216,0.49841710925102234,0.3125312626361847,0.24919816851615906,0.24919816851615906,1
0.7043116092681885,0.6736702919006348,0.3234361708164215,0.6601403951644897,0.4980236291885376,0.3115485608577728,0.2500360906124115,0.2500360906124115,1
0.7044037580490112,0.6734557747840881,0.32350820302963257,0.6600728631019592,0.49769285321235657,0.3108035624027252,0.2528288662433624,0.2528288662433624,1
0.704429566860199,0.673283040523529,0.3235474228858948,0.6598395705223083,0.4968389570713043,0.3092879056930542,0.25510531663894653,0.25510531663894653,1
0.6981278657913208,0.6205003261566162,0.36883386969566345,0.6177814602851868,0.5101054906845093,0.3081483542919159,0.35765740275382996,0.35765740275382996,1
0.6902246475219727,0.5889763832092285,0.381386935710907,0.6023676991462708,0.5209077000617981,0.3072648048400879,0.36614173650741577,0.36614173650741577,1
0.689696192741394,0.5874991416931152,0.38095638155937195,0.5952571034431458,0.524102509021759,0.3033038079738617,0.34454283118247986,0.34454283118247986,1
0.688518762588501,0.5876389741897583,0.3840530514717102,0.5963761210441589,0.5239765048027039,0.30322501063346863,0.3642728626728058,0.3642728626728058,1
0.6886569261550903,0.5881938934326172,0.3842238485813141,0.5974103808403015,0.5244274139404297,0.3020890951156616,0.3673518896102905,0.3673518896102905,1
0.6887708306312561,0.588982343673706,0.3833378553390503,0.5975630879402161,0.5245530009269714,0.30207559466362,0.37563034892082214,0.37563034892082214,1
0.688905656337738,0.5885459780693054,0.38396650552749634,0.5983641743659973,0.525097668170929,0.3020398020744324,0.37581580877304077,0.37581580877304077,1
0.6890217661857605,0.5883423686027527,0.3837282359600067,0.5973204970359802,0.5254899859428406,0.3015464246273041,0.3799780607223511,0.3799780607223511,1
0.6891141533851624,0.5883261561393738,0.38482367992401123,0.5969481468200684,0.5260032415390015,0.3012687861919403,0.3791615664958954,0.3791615664958954,1
0.6891606450080872,0.5874093770980835,0.38669919967651367,0.5953165888786316,0.5263019800186157,0.30030128359794617,0.37636271119117737,0.37636271119117737,1
0.6888329386711121,0.5873051285743713,0.3876482844352722,0.5944287180900574,0.5265218615531921,0.2997514307498932,0.3735748529434204,0.3735748529434204,1
0.6887353658676147,0.586907148361206,0.38813456892967224,0.5944360494613647,0.5267955660820007,0.2993515431880951,0.37217506766319275,0.37217506766319275,1
0.6887485384941101,0.5868290662765503,0.38874009251594543,0.594669759273529,0.5271437168121338,0.2986326217651367,0.37103980779647827,0.37103980779647827,1
0.6888803839683533,0.5866206884384155,0.38993579149246216,0.5948078632354736,0.5277727246284485,0.2984381318092346,0.3713316023349762,0.3713316023349762,1
0.6889926195144653,0.5860680937767029,0.3902283310890198,0.5948998332023621,0.5278705954551697,0.29841989278793335,0.37171459197998047,0.37171459197998047,1
0.6890812516212463,0.5858966112136841,0.39018818736076355,0.5950217247009277,0.5278926491737366,0.29826635122299194,0.3720897436141968,0.3720897436141968,1
0.6890714764595032,0.5857043266296387,0.3899763524532318,0.5951076149940491,0.5280128717422485,0.2982344627380371,0.37183764576911926,0.37183764576911926,1
0.6890822052955627,0.5853253602981567,0.3898061513900757,0.5949199795722961,0.5281507968902588,0.2982158660888672,0.37159594893455505,0.37159594893455505,1
0.6667000651359558,0.5977213382720947,0.35973408818244934,0.6114625334739685,0.5150109529495239,0.29241615533828735,0.3368440270423889,0.3368440270423889,0
0.65921550989151,0.6070640683174133,0.35499653220176697,0.614586591720581,0.49788862466812134,0.2775166630744934,0.29550597071647644,0.29550597071647644,0
0.6507204174995422,0.6064859628677368,0.35339492559432983,0.6142612099647522,0.4789423644542694,0.26801320910453796,0.27027350664138794,0.27027350664138794,0
0.6434311270713806,0.5980862975120544,0.3511180579662323,0.6140128970146179,0.45938098430633545,0.262849897146225,0.28745758533477783,0.28745758533477783,0
0.6396958827972412,0.5975129008293152,0.3493857979774475,0.6137053370475769,0.44615358114242554,0.26435816287994385,0.28384634852409363,0.28384634852409363,0
0.643061101436615,0.6030026078224182,0.3479688763618469,0.6171484589576721,0.43827763199806213,0.26815664768218994,0.27281513810157776,0.27281513810157776,0
0.6405379176139832,0.604640007019043,0.34474432468414307,0.619667649269104,0.4363061785697937,0.27121129631996155,0.2808705270290375,0.2808705270290375,0
0.6649770736694336,0.6109647750854492,0.34440943598747253,0.6268622875213623,0.39781537652015686,0.31524354219436646,0.11478209495544434,0.11478209495544434,0
0.6741097569465637,0.6129454374313354,0.3444930911064148,0.6294590830802917,0.39784860610961914,0.3327071964740753,0.1429746448993683,0.1429746448993683,0
0.6803973913192749,0.6194722652435303,0.34452974796295166,0.6327683329582214,0.41339603066444397,0.3390710949897766,0.1352921575307846,0.1352921575307846,0
0.6837385892868042,0.6205231547355652,0.3447384834289551,0.6342881917953491,0.42836686968803406,0.3400583267211914,0.1320110261440277,0.1320110261440277,0
0.684842050075531,0.6206758618354797,0.3451600968837738,0.6348003149032593,0.45886796712875366,0.34912165999412537,0.1583106815814972,0.1583106815814972,0
0.6862016320228577,0.6240918636322021,0.3449034094810486,0.6354146003723145,0.47459036111831665,0.36034396290779114,0.16549615561962128,0.16549615561962128,0
0.6884691715240479,0.6267041563987732,0.34509947896003723,0.6354385614395142,0.48207905888557434,0.36224862933158875,0.17346712946891785,0.17346712946891785,0
0.6892477869987488,0.6280707716941833,0.3453678488731384,0.6363162398338318,0.48958197236061096,0.36298418045043945,0.17634156346321106,0.17634156346321106,0
0.6907806396484375,0.631158709526062,0.3454238176345825,0.6381674408912659,0.5000289678573608,0.3634032905101776,0.16995729506015778,0.16995729506015778,0
0.6803672313690186,0.5481256246566772,0.3631952702999115,0.5303888916969299,0.5018566846847534,0.2703954577445984,0.27429449558258057,0.27429449558258057,0
0.6707431077957153,0.521847128868103,0.3689587414264679,0.5077638626098633,0.5055416822433472,0.2468147873878479,0.310538113117218,0.310538113117218,0
0.6660242080688477,0.509010374546051,0.3715716004371643,0.5089343190193176,0.5035648345947266,0.2472153604030609,0.3289623260498047,0.3289623260498047,0
0.6619387865066528,0.5011823177337646,0.372345894575119,0.5157637596130371,0.5019435882568359,0.2535441219806671,0.34704795479774475,0.34704795479774475,0
0.6542273163795471,0.50294029712677,0.371432363986969,0.5223448276519775,0.4925459325313568,0.2569357454776764,0.33813703060150146,0.33813703060150146,0
0.6466363072395325,0.5085425972938538,0.36622586846351624,0.5287418365478516,0.48704737424850464,0.2569843828678131,0.3163682222366333,0.3163682222366333,0
0.6336578726768494,0.510138988494873,0.3514788746833801,0.5323938727378845,0.4721905291080475,0.25568079948425293,0.3221629858016968,0.3221629858016968,0
0.6175244450569153,0.5059884190559387,0.33801063895225525,0.5325074791908264,0.4553360044956207,0.2514304518699646,0.32679787278175354,0.32679787278175354,0
0.6081224679946899,0.5066156387329102,0.32789430022239685,0.5322691798210144,0.4421128034591675,0.24586912989616394,0.3276662826538086,0.3276662826538086,0
0.5995643138885498,0.5014235973358154,0.31999990344047546,0.5284103751182556,0.4317416846752167,0.24200530350208282,0.3238583505153656,0.3238583505153656,0
0.5927059054374695,0.49926140904426575,0.3164375424385071,0.5253748893737793,0.4300011396408081,0.2397581934928894,0.32125791907310486,0.32125791907310486,0
0.5890693068504333,0.4958718717098236,0.3142443597316742,0.5234856009483337,0.43004560470581055,0.2373841106891632,0.3049651086330414,0.3049651086330414,0
0.5915727019309998,0.49082866311073303,0.31191185116767883,0.5180537700653076,0.43007004261016846,0.2347411811351776,0.30669841170310974,0.30669841170310974,0
0.5954141616821289,0.48825401067733765,0.31324321031570435,0.5184181928634644,0.43220093846321106,0.2331084907054901,0.31975963711738586,0.31975963711738586,0
0.5980538725852966,0.48302775621414185,0.31505241990089417,0.5162745118141174,0.43401119112968445,0.23315291106700897,0.31910425424575806,0.31910425424575806,0
0.605664074420929,0.4846871793270111,0.3174777328968048,0.5168680548667908,0.4383315443992615,0.23311734199523926,0.28892818093299866,0.28892818093299866,0
0.6134288311004639,0.4849778413772583,0.3286716043949127,0.5174180865287781,0.456006795167923,0.23340198397636414,0.2944852411746979,0.2944852411746979,0
0.6788824796676636,0.5512367486953735,0.3724798262119293,0.5600602030754089,0.4799772799015045,0.254965603351593,0.16392888128757477,0.16392888128757477,0
0.6903258562088013,0.570925235748291,0.38912519812583923,0.5706654191017151,0.47694799304008484,0.2759810984134674,0.137212336063385,0.137212336063385,0
0.6942272186279297,0.5807019472122192,0.3924417495727539,0.5856127738952637,0.47144070267677307,0.288693904876709,0.09116395562887192,0.09116395562887192,0
0.6920982599258423,0.5812126398086548,0.393219530582428,0.5931254029273987,0.46627771854400635,0.29543572664260864,0.12726520001888275,0.12726520001888275,0
0.6937906742095947,0.5792756080627441,0.3961344361305237,0.5941926836967468,0.44903314113616943,0.3002200126647949,0.12331128865480423,0.12331128865480423,0
0.6932680606842041,0.577979326248169,0.3973267674446106,0.5915958881378174,0.43366914987564087,0.3017067313194275,0.03387037292122841,0.03387037292122841,0
0.693648099899292,0.5795286893844604,0.39738065004348755,0.5902772545814514,0.42862004041671753,0.30374354124069214,0.060542769730091095,0.060542769730091095,0
0.6942529082298279,0.579360842704773,0.3999984562397003,0.5888993740081787,0.4204604923725128,0.3066789209842682,0.03663639724254608,0.03663639724254608,0
0.6921138167381287,0.5829789042472839,0.39897680282592773,0.582438051700592,0.4916187822818756,0.294481098651886,0.058954741805791855,0.058954741805791855,0
0.6912334561347961,0.5821101665496826,0.39653852581977844,0.5794879198074341,0.5077645182609558,0.2868761122226715,0.051870934665203094,0.051870934665203094,0
0.6922826170921326,0.5805696249008179,0.39466655254364014,0.579176664352417,0.5124775767326355,0.2803807258605957,0.055733393877744675,0.055733393877744675,0
0.6959415674209595,0.5799896717071533,0.3932059705257416,0.5785620212554932,0.5132664442062378,0.27755624055862427,0.058850906789302826,0.058850906789302826,0
0.6993839740753174,0.5756961703300476,0.39285925030708313,0.575988233089447,0.5156304240226746,0.27196556329727173,0.05377897247672081,0.05377897247672081,0
0.7063269019126892,0.5752713680267334,0.3926319181919098,0.5774527788162231,0.5168545842170715,0.26374495029449463,0.09744717925786972,0.09744717925786972,0
0.7080000042915344,0.57308030128479,0.39345213770866394,0.5776190161705017,0.5154663920402527,0.2596961259841919,0.11621367931365967,0.11621367931365967,0
0.7101629376411438,0.5710569024085999,0.3933262526988983,0.5781657099723816,0.5177188515663147,0.2577575743198395,0.12223093211650848,0.12223093211650848,0
0.7106492519378662,0.5691151022911072,0.39397677779197693,0.5785510540008545,0.5169597864151001,0.2578076124191284,0.19085301458835602,0.19085301458835602,0
0.7109530568122864,0.5684549808502197,0.3941934406757355,0.5785110592842102,0.5176962614059448,0.25808006525039673,0.17345686256885529,0.17345686256885529,0
0.6982129812240601,0.5680341124534607,0.37202218174934387,0.5720020532608032,0.5160397291183472,0.28034883737564087,0.3466503322124481,0.3466503322124481,0
0.6912050247192383,0.5674161911010742,0.364215224981308,0.5688326954841614,0.5144084095954895,0.28938519954681396,0.3676953911781311,0.3676953911781311,0
0.687313973903656,0.5666271448135376,0.3601219356060028,0.5627803206443787,0.5111951231956482,0.29572010040283203,0.3822368085384369,0.3822368085384369,0
0.6852943301200867,0.5664874315261841,0.35865551233291626,0.5589561462402344,0.5040554404258728,0.30398523807525635,0.354000061750412,0.354000061750412,0
0.6830008029937744,0.5636322498321533,0.35877349972724915,0.5534314513206482,0.499551922082901,0.3115232586860657,0.3698883354663849,0.3698883354663849,0
0.6804236173629761,0.5635780096054077,0.35724544525146484,0.5532842874526978,0.49489909410476685,0.3163437247276306,0.43813177943229675,0.43813177943229675,0
0.677067756652832,0.5633594393730164,0.35741010308265686,0.5550855994224548,0.48823845386505127,0.3146972358226776,0.48364078998565674,0.48364078998565674,0
0.6762996912002563,0.5623418688774109,0.3566405475139618,0.5616826415061951,0.48401373624801636,0.31395354866981506,0.4173523783683777,0.4173523783683777,0
0.6764532923698425,0.562282145023346,0.3559335470199585,0.5659419894218445,0.48158127069473267,0.3150045871734619,0.40405863523483276,0.40405863523483276,0
0.6760880947113037,0.5622894763946533,0.35403740406036377,0.5698890686035156,0.47699037194252014,0.3152919411659241,0.39870157837867737,0.39870157837867737,0
0.666324257850647,0.5592654943466187,0.359650582075119,0.5671250224113464,0.4738868772983551,0.31542494893074036,0.20333240926265717,0.20333240926265717,0
0.6640080213546753,0.5577800273895264,0.364897221326828,0.5645014643669128,0.4710233509540558,0.31585070490837097,0.15749384462833405,0.15749384462833405,0
0.6641262769699097,0.5571054220199585,0.36761677265167236,0.5642392635345459,0.47043418884277344,0.31554508209228516,0.20117607712745667,0.20117607712745667,0
0.6649342775344849,0.5561655163764954,0.3718598783016205,0.5642125606536865,0.4712885022163391,0.31530725955963135,0.17423416674137115,0.17423416674137115,0
0.6654536128044128,0.5556161999702454,0.3761995732784271,0.5642780661582947,0.47143352031707764,0.3149668872356415,0.17393745481967926,0.17393745481967926,0
0.6659508347511292,0.5556411147117615,0.3806840181350708,0.5643837451934814,0.47267526388168335,0.31242814660072327,0.17573517560958862,0.17573517560958862,0
0.6668241024017334,0.55549156665802,0.38275864720344543,0.564470648765564,0.473348468542099,0.30799946188926697,0.16864722967147827,0.16864722967147827,0
0.6677571535110474,0.5555139780044556,0.38336849212646484,0.5652252435684204,0.47584661841392517,0.30481916666030884,0.17164963483810425,0.17164963483810425,0
0.6689243316650391,0.556732177734375,0.383028119802475,0.56683349609375,0.47867101430892944,0.3028331398963928,0.17630720138549805,0.17630720138549805,0
0.668986976146698,0.5574245452880859,0.3828955888748169,0.5703532695770264,0.4789634644985199,0.3017376661300659,0.2694496810436249,0.2694496810436249,0
0.6690969467163086,0.5576117038726807,0.3826550543308258,0.5717108845710754,0.479097455739975,0.3006398379802704,0.3133324980735779,0.3133324980735779,0
0.6692965626716614,0.5575882792472839,0.383893758058548,0.571708083152771,0.47758665680885315,0.3010830879211426,0.29095524549484253,0.29095524549484253,0
0.6692793965339661,0.5587984323501587,0.3837457001209259,0.5718310475349426,0.47410011291503906,0.3031272292137146,0.29579102993011475,0.29579102993011475,0
0.6813172101974487,0.5842447876930237,0.3850043714046478,0.5916085243225098,0.47422006726264954,0.3031274378299713,0.05218569189310074,0.05218569189310074,0
0.6898009181022644,0.5915085673332214,0.3860769271850586,0.5969494581222534,0.4757686257362366,0.30314284563064575,0.05117189139127731,0.05117189139127731,0
0.6953380703926086,0.5948706269264221,0.3872411847114563,0.5974624156951904,0.4839175343513489,0.30353787541389465,0.05387037619948387,0.05387037619948387,0
0.6966568231582642,0.5935235619544983,0.38837382197380066,0.5974408984184265,0.491085410118103,0.30354049801826477,0.05346309393644333,0.05346309393644333,0
0.6968960165977478,0.5927448272705078,0.39013007283210754,0.597504198551178,0.4958533048629761,0.30354511737823486,0.077406145632267,0.077406145632267,0
0.6962702870368958,0.59296715259552,0.3908476233482361,0.5971779823303223,0.49895191192626953,0.30369332432746887,0.09751764684915543,0.09751764684915543,0
0.6982613205909729,0.5935825109481812,0.39111995697021484,0.5970354676246643,0.49959972500801086,0.3039967715740204,0.10235272347927094,0.10235272347927094,0
0.6999721527099609,0.5959321856498718,0.391469269990921,0.5970360636711121,0.49950680136680603,0.3047327399253845,0.11264684796333313,0.11264684796333313,0
0.7002308368682861,0.5996259450912476,0.39141687750816345,0.5981049537658691,0.4991905987262726,0.30774369835853577,0.15972252190113068,0.15972252190113068,0
0.6999220252037048,0.6003246903419495,0.39141955971717834,0.5980415344238281,0.49548080563545227,0.30855971574783325,0.16211292147636414,0.16211292147636414,0
0.6996825933456421,0.6004139184951782,0.3913938105106354,0.5979869961738586,0.4885373115539551,0.30821743607521057,0.16882257163524628,0.16882257163524628,0
0.6986637115478516,0.6002221703529358,0.391493022441864,0.5978509187698364,0.46852704882621765,0.29996761679649353,0.18138335645198822,0.18138335645198822,0
0.6973950862884521,0.5979015231132507,0.39535653591156006,0.5977576375007629,0.43747299909591675,0.30145278573036194,0.16613946855068207,0.16613946855068207,0
0.6959919333457947,0.5965251326560974,0.3982744812965393,0.5972369909286499,0.4274263083934784,0.3045833110809326,0.15565501153469086,0.15565501153469086,0
0.6955693364143372,0.5964228510856628,0.4016243815422058,0.5959509015083313,0.41812723875045776,0.30892038345336914,0.14372625946998596,0.14372625946998596,0
0.6935237050056458,0.5960138440132141,0.4037262797355652,0.5957015156745911,0.4128851890563965,0.3118278384208679,0.13953636586666107,0.13953636586666107,0
0.6925883889198303,0.5958951115608215,0.40581974387168884,0.5949707627296448,0.41051092743873596,0.3148620128631592,0.10900405049324036,0.10900405049324036,0
0.691874086856842,0.595946192741394,0.4075346291065216,0.5949061512947083,0.4087997376918793,0.3199496269226074,0.10780167579650879,0.10780167579650879,0
0.6918624043464661,0.5958849787712097,0.40717998147010803,0.5942234396934509,0.4109400808811188,0.324309766292572,0.07897477596998215,0.07897477596998215,0
0.6918535828590393,0.5958412289619446,0.4071134924888611,0.5937291383743286,0.4125329852104187,0.32592418789863586,0.05750052258372307,0.05750052258372307,0
0.6921426653862,0.5958682298660278,0.40685635805130005,0.5923633575439453,0.41224345564842224,0.3278995454311371,0.05300949513912201,0.05300949513912201,0
0.6921717524528503,0.5959921479225159,0.4067724645137787,0.5919874906539917,0.4133385717868805,0.3295697867870331,0.050999898463487625,0.050999898463487625,0
0.6921192407608032,0.5959848165512085,0.40670013427734375,0.5919389128684998,0.41421422362327576,0.33044323325157166,0.04878492280840874,0.04878492280840874,0
0.6920827031135559,0.5958815217018127,0.4065153896808624,0.5916458964347839,0.4149837791919708,0.33037644624710083,0.057381343096494675,0.057381343096494675,0
0.6924426555633545,0.5967587828636169,0.40527772903442383,0.591339111328125,0.43489864468574524,0.330180823802948,0.054609619081020355,0.054609619081020355,0
0.6926884055137634,0.5972716808319092,0.4035530388355255,0.5899855494499207,0.4505676329135895,0.3288806676864624,0.055548910051584244,0.055548910051584244,0
0.6911189556121826,0.5823665857315063,0.3962315618991852,0.5499972105026245,0.47954967617988586,0.3439239263534546,0.10520060360431671,0.10520060360431671,0
0.6882297396659851,0.5720253586769104,0.389788419008255,0.5302642583847046,0.486803263425827,0.35500550270080566,0.11338618397712708,0.11338618397712708,0
0.6881806254386902,0.5639808177947998,0.3882823586463928,0.527314305305481,0.4934116303920746,0.3556939363479614,0.12696442008018494,0.12696442008018494,0
0.6881157159805298,0.556941568851471,0.3862912058830261,0.5265728831291199,0.49862414598464966,0.35824963450431824,0.12222685664892197,0.12222685664892197,0
0.6875374913215637,0.5557600855827332,0.38467392325401306,0.5254256725311279,0.49813273549079895,0.35911914706230164,0.12609317898750305,0.12609317898750305,0
0.6874058842658997,0.5535921454429626,0.3843514323234558,0.5270777940750122,0.5022452473640442,0.35892871022224426,0.12207238376140594,0.12207238376140594,0
0.6874961853027344,0.5537678003311157,0.3844980299472809,0.5263429880142212,0.5022164583206177,0.3583019971847534,0.11962900310754776,0.11962900310754776,0
0.6875839233398438,0.5536460280418396,0.38447198271751404,0.5260215401649475,0.5037067532539368,0.3578213155269623,0.11814162880182266,0.11814162880182266,0
0.6877727508544922,0.5534012913703918,0.3844899833202362,0.526398241519928,0.50588458776474,0.357504278421402,0.11819931119680405,0.11819931119680405,0
0.6878885626792908,0.5537567734718323,0.38454514741897583,0.5262160897254944,0.5061390995979309,0.35720255970954895,0.1184755265712738,0.1184755265712738,0
0.6882596611976624,0.5539600849151611,0.38463449478149414,0.5259271264076233,0.506210207939148,0.35766053199768066,0.11813077330589294,0.11813077330589294,0
0.6884851455688477,0.5540381669998169,0.38471925258636475,0.5257307887077332,0.5073297619819641,0.3594495952129364,0.11786682158708572,0.11786682158708572,0
0.6887065172195435,0.5541644096374512,0.38476571440696716,0.5258576273918152,0.5084935426712036,0.3603441119194031,0.1177060678601265,0.1177060678601265,0
0.6888352632522583,0.554263710975647,0.38482463359832764,0.5260406136512756,0.5091511607170105,0.3609347343444824,0.11777445673942566,0.11777445673942566,0
